<?xml version="1.0" encoding="UTF-8"?>
<project-private xmlns="http://www.netbeans.org/ns/project-private/1">
    <editor-bookmarks xmlns="http://www.netbeans.org/ns/editor-bookmarks/2" lastBookmarkId="0"/>
    <open-files xmlns="http://www.netbeans.org/ns/projectui-open-files/2">
        <group>
            <file>file:/C:/Users/Katekani/Documents/NetBeansProjects/ST10187848_Katekani%20Mathebula_PROG5121/Add%20Futures/src/login/and/register/app/Menu.java</file>
            <file>file:/C:/Users/Katekani/Documents/NetBeansProjects/ST10187848_Katekani%20Mathebula_PROG5121/Add%20Futures/src/login/and/register/app/Tasks.java</file>
            <file>file:/C:/Users/Katekani/Documents/NetBeansProjects/ST10187848_Katekani%20Mathebula_PROG5121/Add%20Futures/src/login/and/register/app/Register.java</file>
            <file>file:/C:/Users/Katekani/Documents/NetBeansProjects/ST10187848_Katekani%20Mathebula_PROG5121/Add%20Futures/src/login/and/register/app/Login.java</file>
        </group>
    </open-files>
</project-private>
